,Formation,Depth
0,Wyandot Fm,867.1560000000001
1,Dawson Canyon Fm,984.50402
2,Logan Canyon Fm,1136.904
3,Upper Missisauga Fm,2251.2529
4,Lower Missisauga Fm,3190.6464
5,Abenaki Fm,3404.3112
6,Mid Baccaro,3485.0832
7,Lower Baccaro,3964.5337
8,Base O-Marker,2469.2070000000003
9,Td,4268.0
10,Pay_Sand_1-Rft,2478.0
11,Pay_Sand_2,2499.0
12,Pay_Sand_3,2543.0
13,Pay_Sand_4,2637.0
14,Sand_5,2699.0
15,Sand_6,2795.0
16,Sand_7,2835.0
